element_id,element_name,category,business_domain,source_path,target_path,iso20022_path,data_type,description,example_value,is_required,tags
MSG_ID,Message Identification,Header,Banking,Message.MessageId,GrpHdr.MsgId,pain.001/GrpHdr/MsgId,string,Identifiant unique du message,MSG-2026-01-27-001,true,"[""header"",""mandatory""]"
MSG_CREDT,Creation Date Time,Header,Banking,Message.CreationDateTime,GrpHdr.CreDtTm,pain.001/GrpHdr/CreDtTm,datetime,Date et heure de création du message,2026-01-27T10:30:00,true,"[""header"",""mandatory""]"
MSG_NBTXS,Number of Transactions,Header,Banking,Message.TransactionCount,GrpHdr.NbOfTxs,pain.001/GrpHdr/NbOfTxs,integer,Nombre total de transactions dans le message,5,true,"[""header"",""mandatory""]"
MSG_CTRLSUM,Control Sum,Header,Banking,Message.ControlSum,GrpHdr.CtrlSum,pain.001/GrpHdr/CtrlSum,decimal,Somme totale de contrôle,15000.00,false,"[""header""]"
PMT_INFID,Payment Information ID,Payment,Banking,Payment.PaymentInfoId,PmtInf.PmtInfId,pain.001/PmtInf/PmtInfId,string,Identifiant de l'information de paiement,PMT-INFO-001,true,"[""payment"",""mandatory""]"
PMT_MTD,Payment Method,Payment,Banking,Payment.Method,PmtInf.PmtMtd,pain.001/PmtInf/PmtMtd,string,Méthode de paiement (TRF=Transfer),TRF,true,"[""payment"",""mandatory""]"
PMT_REQEXCDT,Requested Execution Date,Payment,Banking,Payment.RequestedDate,PmtInf.ReqdExctnDt,pain.001/PmtInf/ReqdExctnDt,date,Date d'exécution demandée,2026-01-28,true,"[""payment"",""mandatory""]"
DBTR_NM,Debtor Name,Debtor,Banking,Debtor.Name,PmtInf.Dbtr.Nm,pain.001/PmtInf/Dbtr/Nm,string,Nom complet de l'émetteur,Jean Dupont,true,"[""debtor"",""mandatory"",""pii""]"
DBTR_STRTNM,Debtor Street Name,Debtor,Banking,Debtor.Address.StreetName,PmtInf.Dbtr.PstlAdr.StrtNm,pain.001/PmtInf/Dbtr/PstlAdr/StrtNm,string,Nom de la rue de l'émetteur,123 Avenue Habib Bourguiba,false,"[""debtor"",""address""]"
DBTR_BLDGNB,Debtor Building Number,Debtor,Banking,Debtor.Address.BuildingNumber,PmtInf.Dbtr.PstlAdr.BldgNb,pain.001/PmtInf/Dbtr/PstlAdr/BldgNb,string,Numéro de bâtiment,123,false,"[""debtor"",""address""]"
DBTR_PSTCD,Debtor Postal Code,Debtor,Banking,Debtor.Address.PostalCode,PmtInf.Dbtr.PstlAdr.PstCd,pain.001/PmtInf/Dbtr/PstlAdr/PstCd,string,Code postal de l'émetteur,1000,false,"[""debtor"",""address""]"
DBTR_TWNNM,Debtor Town Name,Debtor,Banking,Debtor.Address.TownName,PmtInf.Dbtr.PstlAdr.TwnNm,pain.001/PmtInf/Dbtr/PstlAdr/TwnNm,string,Ville de l'émetteur,Tunis,true,"[""debtor"",""address"",""mandatory""]"
DBTR_CTRY,Debtor Country,Debtor,Banking,Debtor.Address.Country,PmtInf.Dbtr.PstlAdr.Ctry,pain.001/PmtInf/Dbtr/PstlAdr/Ctry,string,Code pays de l'émetteur (ISO 3166),TN,true,"[""debtor"",""address"",""mandatory""]"
DBTR_IBAN,Debtor IBAN,Debtor,Banking,Debtor.Account.IBAN,PmtInf.DbtrAcct.Id.IBAN,pain.001/PmtInf/DbtrAcct/Id/IBAN,string,IBAN du compte émetteur,TN5914207490000021879544,true,"[""debtor"",""account"",""mandatory"",""financial""]"
DBTR_CCY,Debtor Account Currency,Debtor,Banking,Debtor.Account.Currency,PmtInf.DbtrAcct.Ccy,pain.001/PmtInf/DbtrAcct/Ccy,string,Devise du compte émetteur,TND,true,"[""debtor"",""account"",""mandatory""]"
DBTRAGT_BIC,Debtor Agent BIC,Debtor,Banking,Debtor.Agent.BIC,PmtInf.DbtrAgt.FinInstnId.BIC,pain.001/PmtInf/DbtrAgt/FinInstnId/BIC,string,Code BIC de la banque émettrice,BTKETN,false,"[""debtor"",""bank""]"
TXN_INSTRID,Instruction ID,Transaction,Banking,Transaction.InstructionId,CdtTrfTxInf.PmtId.InstrId,pain.001/CdtTrfTxInf/PmtId/InstrId,string,Identifiant de l'instruction,TXN-2026-001,true,"[""transaction"",""mandatory""]"
TXN_ENDTOENDID,End To End ID,Transaction,Banking,Transaction.EndToEndId,CdtTrfTxInf.PmtId.EndToEndId,pain.001/CdtTrfTxInf/PmtId/EndToEndId,string,Identifiant de bout en bout,E2E-2026-001,true,"[""transaction"",""mandatory""]"
TXN_AMT,Transaction Amount,Transaction,Banking,Transaction.Amount.Value,CdtTrfTxInf.Amt.InstdAmt,pain.001/CdtTrfTxInf/Amt/InstdAmt,decimal,Montant de la transaction,1500.50,true,"[""transaction"",""mandatory"",""financial""]"
TXN_CCY,Transaction Currency,Transaction,Banking,Transaction.Amount.Currency,CdtTrfTxInf.Amt.InstdAmt@Ccy,pain.001/CdtTrfTxInf/Amt/InstdAmt/@Ccy,string,Devise de la transaction,TND,true,"[""transaction"",""mandatory""]"
CDTR_NM,Creditor Name,Creditor,Banking,Creditor.Name,CdtTrfTxInf.Cdtr.Nm,pain.001/CdtTrfTxInf/Cdtr/Nm,string,Nom complet du bénéficiaire,Marie Martin,true,"[""creditor"",""mandatory"",""pii""]"
CDTR_STRTNM,Creditor Street Name,Creditor,Banking,Creditor.Address.StreetName,CdtTrfTxInf.Cdtr.PstlAdr.StrtNm,pain.001/CdtTrfTxInf/Cdtr/PstlAdr/StrtNm,string,Nom de la rue du bénéficiaire,456 Rue de la République,false,"[""creditor"",""address""]"
CDTR_PSTCD,Creditor Postal Code,Creditor,Banking,Creditor.Address.PostalCode,CdtTrfTxInf.Cdtr.PstlAdr.PstCd,pain.001/CdtTrfTxInf/Cdtr/PstlAdr/PstCd,string,Code postal du bénéficiaire,2000,false,"[""creditor"",""address""]"
CDTR_TWNNM,Creditor Town Name,Creditor,Banking,Creditor.Address.TownName,CdtTrfTxInf.Cdtr.PstlAdr.TwnNm,pain.001/CdtTrfTxInf/Cdtr/PstlAdr/TwnNm,string,Ville du bénéficiaire,Sfax,true,"[""creditor"",""address"",""mandatory""]"
CDTR_CTRY,Creditor Country,Creditor,Banking,Creditor.Address.Country,CdtTrfTxInf.Cdtr.PstlAdr.Ctry,pain.001/CdtTrfTxInf/Cdtr/PstlAdr/Ctry,string,Code pays du bénéficiaire,TN,true,"[""creditor"",""address"",""mandatory""]"
CDTR_IBAN,Creditor IBAN,Creditor,Banking,Creditor.Account.IBAN,CdtTrfTxInf.CdtrAcct.Id.IBAN,pain.001/CdtTrfTxInf/CdtrAcct/Id/IBAN,string,IBAN du compte bénéficiaire,TN5910006035183598478831,true,"[""creditor"",""account"",""mandatory"",""financial""]"
CDTRAGT_BIC,Creditor Agent BIC,Creditor,Banking,Creditor.Agent.BIC,CdtTrfTxInf.CdtrAgt.FinInstnId.BIC,pain.001/CdtTrfTxInf/CdtrAgt/FinInstnId/BIC,string,Code BIC de la banque bénéficiaire,BFTNTNTT,false,"[""creditor"",""bank""]"
RMT_USTRD,Remittance Unstructured,Remittance,Banking,Remittance.Unstructured,CdtTrfTxInf.RmtInf.Ustrd,pain.001/CdtTrfTxInf/RmtInf/Ustrd,string,Information de remise non structurée,Paiement facture 2026-001,false,"[""remittance""]"